Helyrajziszam,Telepules,Tombazonosito,Qt_vil_cs,Qt_vil_real_cs,Qt_el_real_cs,Qt_el_cs_real_cs,Qt_ga_real_cs,Qt_ol_real_cs,Qt_sz_real_cs,Qt_bm_real_cs,Qt_th_real_cs,Dt,Qt_el_real,Qt_el_cs_real,Qt_ga_real,Qt_ol_real,Qt_sz_real,Qt_bm_real,Qt_th_real,Qt_vil,Qt_vil_real,deltaQt,TFCO2_t,TFCO2_t_cs,Dt_cs,Tt_t,Tt_e,adat_t,Et_vil_e_cs,Et_vil_t_cs,Et_vil_real_e_cs,Et_vil_real_t_cs,Et_vil_e,Et_vil_t,Et_vil_real_e,Et_vil_real_t,deltaEt_e,deltaEt_t,deltaTFCO2_t,pott
Andornaktálya_920,Andornaktálya,T_1,29118.75,34368.75,6940.03572,2175.14881,4635.000004,4706.250004,4909.821433,8183.035722,3896.683677,1225990.633,11232.14286,6751.488096,17799.55359,18836.29466,19042.41073,31737.35122,15113.02439,117362.5,133296.875,90250,1818117.972,572321.0068,435722.5061,1,267.5,1,108.8551402,29118.75,128.4813084,34368.75,438.7383178,117362.5,498.3060748,133296.875,337.3831776,90250,1245796.965,0.75189051
Andornaktálya_921,Andornaktálya,T_1,6412.5,8015.625,2801.250003,636.1607149,1145.089287,1145.089287,1511.517857,2061.160716,908.8010213,222412.5,4050.000003,1714.285715,7003.125007,7003.125007,9240.267859,12612.05358,5558.03572,39318.75,49021.875,33750,583015.1789,120259.4389,36337.5,0,67.5,1,95,0,118.75,0,582.5,0,726.25,0,500,0,462755.74,0.836909871
Andornaktálya_922 ,Andornaktálya,T_20,8100,4050,1142.678573,321.4285717,578.5714292,578.5714292,578.5714292,964.2857153,566.3265308,120537.6276,1480.178573,649.5535718,2856.696431,2856.696431,2856.696431,4761.160719,2714.923471,39993.75,19996.875,32062.5,197428.6991,51054.33678,27788.26533,0,67.5,1,120,0,60,0,592.5,0,296.25,0,475,0,146374.3624,0.797468354
,,,,,,,,,,,,,,,,,,,,,,,,,,,,,,,,,,,,,,,,
Megjegyzes: ,,,,,,,,,,,,,,,,,,,,,,,,,,"adtam meg random értéket, hogy ellenőrizhető legyen.",,"Nem egyértelmu a folyamatábrán lévő jelölése, jelenleg úgy számolja, ha van 'p' a Epuletfunkcio(vagy_est)-ban akkor 1, ha nincs (akkor nem épulet) 0 ",,,,,,,,,,,,
